{"Amount": 1000.0, "Value": 1000, "PricingStrategy": 2, "TransactionHour": 2, "TransactionDay": 15, "TransactionMonth": 11, "TransactionYear": 2018, "TotalAmount": 109921.75, "AvgAmount": 923.7121848739496, "TransactionCount": 119, "StdAmount": 3042.2942512284867}